displayName,under_pressure,decision_type,count,total,proportion,epa_mean
Aaron Rodgers,0,0,1215,4805,0.25286160249739853,8.462551440329218
Aaron Rodgers,0,1,1619,4805,0.3369406867845994,9.295243977764052
Aaron Rodgers,0,2,233,4805,0.048491155046826225,2.7124463519313307
Aaron Rodgers,0,3,64,4805,0.01331945889698231,2.625
Aaron Rodgers,0,4,284,4805,0.059105098855359,8.443661971830986
Aaron Rodgers,0,5,261,4805,0.05431841831425598,12.50191570881226
Aaron Rodgers,0,6,482,4805,0.10031217481789802,9.294605809128631
Aaron Rodgers,0,8,190,4805,0.03954214360041623,5.321052631578947
Aaron Rodgers,0,9,350,4805,0.07284079084287201,-7.225714285714286
Aaron Rodgers,0,10,44,4805,0.009157127991675338,2.5
Aaron Rodgers,0,11,63,4805,0.013111342351716961,0.0
Aaron Rodgers,1,0,17,101,0.16831683168316833,2.1176470588235294
Aaron Rodgers,1,1,31,101,0.3069306930693069,8.483870967741936
Aaron Rodgers,1,2,9,101,0.0891089108910891,0.6666666666666666
Aaron Rodgers,1,3,2,101,0.019801980198019802,4.0
Aaron Rodgers,1,4,2,101,0.019801980198019802,0.0
Aaron Rodgers,1,5,3,101,0.0297029702970297,5.0
Aaron Rodgers,1,6,2,101,0.019801980198019802,4.0
Aaron Rodgers,1,8,8,101,0.07920792079207921,5.625
Aaron Rodgers,1,9,24,101,0.2376237623762376,-7.375
Aaron Rodgers,1,11,3,101,0.0297029702970297,0.0
Andy Dalton,0,0,304,1169,0.2600513259195894,9.25328947368421
Andy Dalton,0,1,284,1169,0.24294268605645852,6.711267605633803
Andy Dalton,0,3,65,1169,0.055603079555175364,3.046153846153846
Andy Dalton,0,4,131,1169,0.11206159110350727,4.534351145038168
Andy Dalton,0,5,88,1169,0.07527801539777587,8.75
Andy Dalton,0,6,110,1169,0.09409751924721985,7.8
Andy Dalton,0,8,84,1169,0.0718562874251497,9.583333333333334
Andy Dalton,0,9,61,1169,0.05218135158254919,-10.62295081967213
Andy Dalton,0,10,20,1169,0.01710863986313088,-4.0
Andy Dalton,0,11,22,1169,0.018819503849443968,0.0
Andy Dalton,1,0,4,19,0.21052631578947367,11.75
Andy Dalton,1,1,2,19,0.10526315789473684,4.0
Andy Dalton,1,3,1,19,0.05263157894736842,0.0
Andy Dalton,1,4,1,19,0.05263157894736842,0.0
Andy Dalton,1,8,4,19,0.21052631578947367,7.75
Andy Dalton,1,9,5,19,0.2631578947368421,-11.2
Andy Dalton,1,10,2,19,0.10526315789473684,-4.0
Baker Mayfield,0,0,1068,4666,0.22888984140591512,7.9232209737827715
Baker Mayfield,0,1,907,4666,0.19438491213030432,5.748621830209482
Baker Mayfield,0,2,543,4666,0.1163737676810973,11.88950276243094
Baker Mayfield,0,3,346,4666,0.07415345049292756,4.491329479768786
Baker Mayfield,0,4,368,4666,0.0788684097728247,6.489130434782608
Baker Mayfield,0,5,301,4666,0.06450921560222889,7.3754152823920265
Baker Mayfield,0,6,152,4666,0.03257608229747107,13.861842105263158
Baker Mayfield,0,8,403,4666,0.08636948135447921,4.503722084367245
Baker Mayfield,0,9,388,4666,0.08315473639091299,-6.466494845360825
Baker Mayfield,0,10,125,4666,0.026789541363051863,4.088
Baker Mayfield,0,11,65,4666,0.01393056150878697,0.0
Baker Mayfield,1,0,10,108,0.09259259259259259,7.4
Baker Mayfield,1,1,17,108,0.1574074074074074,5.176470588235294
Baker Mayfield,1,2,7,108,0.06481481481481481,8.0
Baker Mayfield,1,3,6,108,0.05555555555555555,-2.3333333333333335
Baker Mayfield,1,4,6,108,0.05555555555555555,1.6666666666666667
Baker Mayfield,1,5,7,108,0.06481481481481481,3.4285714285714284
Baker Mayfield,1,6,2,108,0.018518518518518517,24.5
Baker Mayfield,1,8,15,108,0.1388888888888889,3.6666666666666665
Baker Mayfield,1,9,30,108,0.2777777777777778,-6.566666666666666
Baker Mayfield,1,10,7,108,0.06481481481481481,-0.7142857142857143
Baker Mayfield,1,11,1,108,0.009259259259259259,0.0
Ben Roethlisberger,0,0,547,5156,0.1060899922420481,8.285191956124315
Ben Roethlisberger,0,1,912,5156,0.1768813033359193,6.055921052631579
Ben Roethlisberger,0,2,307,5156,0.059542280837858806,6.387622149837133
Ben Roethlisberger,0,3,306,5156,0.05934833204034135,6.522875816993464
Ben Roethlisberger,0,4,174,5156,0.03374709076803724,4.482758620689655
Ben Roethlisberger,0,5,1018,5156,0.1974398758727696,7.044204322200393
Ben Roethlisberger,0,6,1476,5156,0.28626842513576417,7.103658536585366
Ben Roethlisberger,0,8,22,5156,0.004266873545384018,8.0
Ben Roethlisberger,0,9,206,5156,0.03995345228859581,-5.116504854368932
Ben Roethlisberger,0,10,84,5156,0.016291698991466253,-5.107142857142857
Ben Roethlisberger,0,11,104,5156,0.02017067494181536,0.0
Ben Roethlisberger,1,0,3,80,0.0375,0.0
Ben Roethlisberger,1,1,12,80,0.15,1.75
Ben Roethlisberger,1,2,1,80,0.0125,19.0
Ben Roethlisberger,1,3,2,80,0.025,3.0
Ben Roethlisberger,1,4,2,80,0.025,-5.0
Ben Roethlisberger,1,5,16,80,0.2,6.9375
Ben Roethlisberger,1,6,20,80,0.25,5.95
Ben Roethlisberger,1,9,14,80,0.175,-4.857142857142857
Ben Roethlisberger,1,10,4,80,0.05,-8.25
Ben Roethlisberger,1,11,6,80,0.075,0.0
Blaine Gabbert,0,1,21,65,0.3230769230769231,0.0
Blaine Gabbert,0,5,44,65,0.676923076923077,11.5
Blaine Gabbert,1,1,1,1,1.0,0.0
Brandon Allen,0,1,22,66,0.3333333333333333,21.0
Brandon Allen,0,2,22,66,0.3333333333333333,7.0
Brandon Allen,0,5,22,66,0.3333333333333333,11.0
Brian Hoyer,0,0,22,65,0.3384615384615385,22.0
Brian Hoyer,0,3,43,65,0.6615384615384615,14.162790697674419
Brian Hoyer,1,3,1,1,1.0,29.0
Carson Wentz,0,0,647,5436,0.11902133922001472,7.143740340030912
Carson Wentz,0,1,1135,5436,0.20879323031640912,8.058149779735682
Carson Wentz,0,2,594,5436,0.10927152317880795,7.282828282828283
Carson Wentz,0,3,648,5436,0.11920529801324503,6.070987654320987
Carson Wentz,0,4,328,5436,0.06033848417954378,12.914634146341463
Carson Wentz,0,5,604,5436,0.1111111111111111,8.418874172185431
Carson Wentz,0,6,753,5436,0.13852097130242827,8.605577689243027
Carson Wentz,0,8,235,5436,0.04323031640912436,6.4297872340425535
Carson Wentz,0,9,386,5436,0.07100809418690214,-3.9689119170984455
Carson Wentz,0,10,62,5436,0.011405445180279618,-4.5
Carson Wentz,0,11,44,5436,0.008094186902133923,0.0
Carson Wentz,1,0,13,152,0.08552631578947369,4.923076923076923
Carson Wentz,1,1,31,152,0.20394736842105263,3.7419354838709675
Carson Wentz,1,2,22,152,0.14473684210526316,3.3636363636363638
Carson Wentz,1,3,12,152,0.07894736842105263,7.666666666666667
Carson Wentz,1,4,2,152,0.013157894736842105,49.0
Carson Wentz,1,5,12,152,0.07894736842105263,12.583333333333334
Carson Wentz,1,6,17,152,0.1118421052631579,7.0588235294117645
Carson Wentz,1,8,7,152,0.046052631578947366,7.285714285714286
Carson Wentz,1,9,32,152,0.21052631578947367,-3.6875
Carson Wentz,1,10,4,152,0.02631578947368421,-7.25
Case Keenum,0,1,192,685,0.28029197080291973,1.375
Case Keenum,0,2,65,685,0.0948905109489051,2.707692307692308
Case Keenum,0,3,44,685,0.06423357664233577,9.5
Case Keenum,0,4,108,685,0.15766423357664233,3.462962962962963
Case Keenum,0,5,86,685,0.12554744525547445,5.162790697674419
Case Keenum,0,6,131,685,0.19124087591240876,9.938931297709924
Case Keenum,0,8,39,685,0.05693430656934306,3.6153846153846154
Case Keenum,0,9,20,685,0.029197080291970802,-5.0
Case Keenum,1,1,6,19,0.3157894736842105,0.0
Case Keenum,1,2,1,19,0.05263157894736842,0.0
Case Keenum,1,4,2,19,0.10526315789473684,0.0
Case Keenum,1,5,2,19,0.10526315789473684,-2.0
Case Keenum,1,6,1,19,0.05263157894736842,18.0
Case Keenum,1,8,5,19,0.2631578947368421,2.6
Case Keenum,1,9,2,19,0.10526315789473684,-5.0
Chad Henne,0,0,88,372,0.23655913978494625,7.75
Chad Henne,0,3,87,372,0.23387096774193547,2.7011494252873565
Chad Henne,0,4,22,372,0.05913978494623656,0.0
Chad Henne,0,6,109,372,0.29301075268817206,5.89908256880734
Chad Henne,0,8,22,372,0.05913978494623656,4.0
Chad Henne,0,10,22,372,0.05913978494623656,10.0
Chad Henne,0,11,22,372,0.05913978494623656,0.0
Chad Henne,1,3,1,2,0.5,7.0
Chad Henne,1,6,1,2,0.5,17.0
Cooper Rush,0,0,196,1000,0.196,11.433673469387756
Cooper Rush,0,1,284,1000,0.284,5.820422535211268
Cooper Rush,0,2,66,1000,0.066,3.3333333333333335
Cooper Rush,0,3,129,1000,0.129,8.30232558139535
Cooper Rush,0,4,43,1000,0.043,0.0
Cooper Rush,0,5,88,1000,0.088,12.25
Cooper Rush,0,6,22,1000,0.022,0.0
Cooper Rush,0,8,22,1000,0.022,2.0
Cooper Rush,0,9,42,1000,0.042,-8.0
Cooper Rush,0,10,65,1000,0.065,6.815384615384615
Cooper Rush,0,11,43,1000,0.043,0.0
Cooper Rush,1,0,2,12,0.16666666666666666,1.5
Cooper Rush,1,1,2,12,0.16666666666666666,-1.5
Cooper Rush,1,3,3,12,0.25,9.666666666666666
Cooper Rush,1,4,1,12,0.08333333333333333,0.0
Cooper Rush,1,9,2,12,0.16666666666666666,-8.0
Cooper Rush,1,10,1,12,0.08333333333333333,-3.0
Cooper Rush,1,11,1,12,0.08333333333333333,0.0
Dak Prescott,0,0,626,4635,0.13505933117583602,4.659744408945687
Dak Prescott,0,1,1068,4635,0.23042071197411004,9.390449438202246
Dak Prescott,0,2,519,4635,0.11197411003236246,9.957610789980732
Dak Prescott,0,3,494,4635,0.10658036677454154,7.261133603238866
Dak Prescott,0,4,449,4635,0.09687162891046386,9.66369710467706
Dak Prescott,0,5,541,4635,0.11672060409924488,7.43992606284658
Dak Prescott,0,6,434,4635,0.0936353829557713,10.205069124423963
Dak Prescott,0,8,169,4635,0.03646170442286947,4.408284023668639
Dak Prescott,0,9,140,4635,0.030204962243797196,-6.45
Dak Prescott,0,10,108,4635,0.02330097087378641,3.9722222222222223
Dak Prescott,0,11,87,4635,0.018770226537216828,0.0
Dak Prescott,1,0,12,95,0.12631578947368421,2.5833333333333335
Dak Prescott,1,1,10,95,0.10526315789473684,6.9
Dak Prescott,1,2,9,95,0.09473684210526316,7.555555555555555
Dak Prescott,1,3,12,95,0.12631578947368421,5.416666666666667
Dak Prescott,1,4,13,95,0.1368421052631579,3.0
Dak Prescott,1,5,9,95,0.09473684210526316,5.0
Dak Prescott,1,6,6,95,0.06315789473684211,2.5
Dak Prescott,1,8,7,95,0.07368421052631578,6.714285714285714
Dak Prescott,1,9,14,95,0.14736842105263157,-6.214285714285714
Dak Prescott,1,10,2,95,0.021052631578947368,-5.5
Dak Prescott,1,11,1,95,0.010526315789473684,0.0
Daniel Jones,0,0,910,5954,0.15283842794759825,7.6923076923076925
Daniel Jones,0,1,1620,5954,0.2720859926100101,7.6
Daniel Jones,0,2,559,5954,0.09388646288209607,4.427549194991055
Daniel Jones,0,3,302,5954,0.05072220356063151,7.394039735099338
Daniel Jones,0,4,452,5954,0.07591535102452134,7.836283185840708
Daniel Jones,0,5,584,5954,0.09808532079274437,5.412671232876712
Daniel Jones,0,6,624,5954,0.10480349344978165,8.996794871794872
Daniel Jones,0,8,406,5954,0.06818945246892845,6.039408866995074
Daniel Jones,0,9,241,5954,0.04047699025864965,-7.668049792531121
Daniel Jones,0,10,146,5954,0.024521330198186093,7.424657534246576
Daniel Jones,0,11,110,5954,0.018474974806852538,0.0
Daniel Jones,1,0,14,140,0.1,6.0
Daniel Jones,1,1,30,140,0.21428571428571427,6.133333333333334
Daniel Jones,1,2,13,140,0.09285714285714286,2.5384615384615383
Daniel Jones,1,3,6,140,0.04285714285714286,5.5
Daniel Jones,1,4,10,140,0.07142857142857142,6.6
Daniel Jones,1,5,10,140,0.07142857142857142,2.9
Daniel Jones,1,6,14,140,0.1,12.285714285714286
Daniel Jones,1,8,12,140,0.08571428571428572,2.8333333333333335
Daniel Jones,1,9,23,140,0.16428571428571428,-7.6521739130434785
Daniel Jones,1,10,8,140,0.05714285714285714,-0.75
David Blough,0,8,21,42,0.5,6.0
David Blough,0,10,21,42,0.5,-6.0
David Blough,1,8,1,2,0.5,6.0
David Blough,1,10,1,2,0.5,-6.0
Davis Mills,0,0,496,4509,0.11000221778664893,7.175403225806452
Davis Mills,0,1,868,4509,0.1925038811266356,7.1728110599078345
Davis Mills,0,2,388,4509,0.08605012197826568,5.211340206185567
Davis Mills,0,3,391,4509,0.086715457972943,7.30690537084399
Davis Mills,0,4,130,4509,0.028831226436016856,16.076923076923077
Davis Mills,0,5,563,4509,0.12486138833444223,6.5452930728241565
Davis Mills,0,6,903,4509,0.20026613439787092,6.998892580287929
Davis Mills,0,8,124,4509,0.02750055444666223,-3.120967741935484
Davis Mills,0,9,368,4509,0.08161454868041694,-6.334239130434782
Davis Mills,0,10,126,4509,0.027944111776447105,2.246031746031746
Davis Mills,0,11,152,4509,0.03371035706365048,0.0
Davis Mills,1,0,10,111,0.09009009009009009,9.3
Davis Mills,1,1,12,111,0.10810810810810811,3.6666666666666665
Davis Mills,1,2,8,111,0.07207207207207207,5.75
Davis Mills,1,3,5,111,0.04504504504504504,5.0
Davis Mills,1,4,2,111,0.018018018018018018,0.0
Davis Mills,1,5,9,111,0.08108108108108109,6.111111111111111
Davis Mills,1,6,21,111,0.1891891891891892,6.0
Davis Mills,1,8,8,111,0.07207207207207207,-6.625
Davis Mills,1,9,28,111,0.25225225225225223,-6.321428571428571
Davis Mills,1,10,6,111,0.05405405405405406,-6.833333333333333
Davis Mills,1,11,2,111,0.018018018018018018,0.0
Derek Carr,0,0,785,5659,0.13871708782470402,9.17579617834395
Derek Carr,0,1,1191,5659,0.21046121222830888,7.1914357682619645
Derek Carr,0,2,346,5659,0.061141544442481,6.910404624277457
Derek Carr,0,3,169,5659,0.029863933557165576,7.550295857988166
Derek Carr,0,4,455,5659,0.08040289803852271,7.103296703296703
Derek Carr,0,5,1079,5659,0.190669729634211,11.51436515291937
Derek Carr,0,6,1052,5659,0.18589856865170526,10.497148288973383
Derek Carr,0,8,148,5659,0.026153030570772222,5.783783783783784
Derek Carr,0,9,286,5659,0.05053896448135713,-6.65034965034965
Derek Carr,0,10,63,5659,0.011132708959180067,-10.333333333333334
Derek Carr,0,11,85,5659,0.015020321611592153,0.0
Derek Carr,1,0,7,127,0.05511811023622047,5.0
Derek Carr,1,1,19,127,0.14960629921259844,8.894736842105264
Derek Carr,1,2,6,127,0.047244094488188976,4.833333333333333
Derek Carr,1,3,7,127,0.05511811023622047,6.285714285714286
Derek Carr,1,4,7,127,0.05511811023622047,12.857142857142858
Derek Carr,1,5,21,127,0.16535433070866143,10.761904761904763
Derek Carr,1,6,26,127,0.2047244094488189,6.8076923076923075
Derek Carr,1,8,6,127,0.047244094488188976,4.0
Derek Carr,1,9,22,127,0.1732283464566929,-6.545454545454546
Derek Carr,1,10,3,127,0.023622047244094488,-10.333333333333334
Derek Carr,1,11,3,127,0.023622047244094488,0.0
Drew Lock,0,0,41,488,0.08401639344262295,10.951219512195122
Drew Lock,0,1,87,488,0.17827868852459017,2.781609195402299
Drew Lock,0,4,44,488,0.09016393442622951,16.0
Drew Lock,0,5,65,488,0.13319672131147542,5.338461538461538
Drew Lock,0,6,168,488,0.3442622950819672,1.5773809523809523
Drew Lock,0,9,63,488,0.1290983606557377,-5.0
Drew Lock,0,11,20,488,0.040983606557377046,0.0
Drew Lock,1,0,3,18,0.16666666666666666,11.666666666666666
Drew Lock,1,1,1,18,0.05555555555555555,0.0
Drew Lock,1,5,1,18,0.05555555555555555,5.0
Drew Lock,1,6,8,18,0.4444444444444444,-2.875
Drew Lock,1,9,3,18,0.16666666666666666,-5.0
Drew Lock,1,11,2,18,0.1111111111111111,0.0
Feleipe Franks,0,4,65,107,0.6074766355140186,7.492307692307692
Feleipe Franks,0,9,20,107,0.18691588785046728,-6.0
Feleipe Franks,0,11,22,107,0.205607476635514,0.0
Feleipe Franks,1,4,1,3,0.3333333333333333,-3.0
Feleipe Franks,1,9,2,3,0.6666666666666666,-6.0
Geno Smith,0,0,498,2157,0.23087621696801114,9.076305220883533
Geno Smith,0,1,296,2157,0.13722763096893834,4.753378378378378
Geno Smith,0,2,87,2157,0.04033379694019471,14.862068965517242
Geno Smith,0,3,107,2157,0.04960593416782568,11.05607476635514
Geno Smith,0,4,192,2157,0.0890125173852573,12.796875
Geno Smith,0,5,214,2157,0.09921186833565136,6.042056074766355
Geno Smith,0,6,326,2157,0.15113583681038478,6.748466257668712
Geno Smith,0,8,85,2157,0.039406583217431616,9.282352941176471
Geno Smith,0,9,246,2157,0.11404728789986092,-9.727642276422765
Geno Smith,0,10,64,2157,0.0296708391284191,6.15625
Geno Smith,0,11,42,2157,0.019471488178025034,0.0
Geno Smith,1,0,8,65,0.12307692307692308,1.5
Geno Smith,1,1,12,65,0.18461538461538463,3.75
Geno Smith,1,2,1,65,0.015384615384615385,27.0
Geno Smith,1,3,3,65,0.046153846153846156,1.6666666666666667
Geno Smith,1,4,6,65,0.09230769230769231,1.1666666666666667
Geno Smith,1,5,6,65,0.09230769230769231,4.5
Geno Smith,1,6,4,65,0.06153846153846154,0.0
Geno Smith,1,8,3,65,0.046153846153846156,8.333333333333334
Geno Smith,1,9,18,65,0.27692307692307694,-10.055555555555555
Geno Smith,1,10,2,65,0.03076923076923077,1.0
Geno Smith,1,11,2,65,0.03076923076923077,0.0
Jacob Eason,0,0,44,87,0.5057471264367817,5.0
Jacob Eason,0,6,22,87,0.25287356321839083,0.0
Jacob Eason,0,11,21,87,0.2413793103448276,0.0
Jacob Eason,1,11,1,1,1.0,0.0
Jacoby Brissett,0,0,500,3554,0.14068655036578503,6.63
Jacoby Brissett,0,1,775,3554,0.2180641530669668,5.396129032258065
Jacoby Brissett,0,2,255,3554,0.07175014068655036,6.6196078431372545
Jacoby Brissett,0,3,404,3554,0.11367473269555431,4.037128712871287
Jacoby Brissett,0,4,398,3554,0.11198649409116489,4.409547738693467
Jacoby Brissett,0,5,389,3554,0.10945413618458076,10.2133676092545
Jacoby Brissett,0,6,257,3554,0.0723128868880135,8.801556420233464
Jacoby Brissett,0,8,211,3554,0.05936972425436128,4.308056872037914
Jacoby Brissett,0,9,198,3554,0.05571187394485087,-6.444444444444445
Jacoby Brissett,0,10,124,3554,0.03489026449071469,-1.467741935483871
Jacoby Brissett,0,11,43,3554,0.012099043331457513,0.0
Jacoby Brissett,1,0,6,120,0.05,8.5
Jacoby Brissett,1,1,17,120,0.14166666666666666,6.352941176470588
Jacoby Brissett,1,2,9,120,0.075,5.555555555555555
Jacoby Brissett,1,3,14,120,0.11666666666666667,2.9285714285714284
Jacoby Brissett,1,4,20,120,0.16666666666666666,3.55
Jacoby Brissett,1,5,7,120,0.058333333333333334,7.571428571428571
Jacoby Brissett,1,6,7,120,0.058333333333333334,6.857142857142857
Jacoby Brissett,1,8,9,120,0.075,1.6666666666666667
Jacoby Brissett,1,9,22,120,0.18333333333333332,-6.0
Jacoby Brissett,1,10,8,120,0.06666666666666667,-4.75
Jacoby Brissett,1,11,1,120,0.008333333333333333,0.0
Jalen Hurts,0,0,267,5443,0.04905383060812052,8.838951310861423
Jalen Hurts,0,1,1053,5443,0.1934594892522506,6.378917378917379
Jalen Hurts,0,2,170,5443,0.031232776042623554,16.152941176470588
Jalen Hurts,0,3,167,5443,0.030681609406577257,13.682634730538922
Jalen Hurts,0,4,365,5443,0.06705860738563292,5.438356164383562
Jalen Hurts,0,5,1122,5443,0.20613632188131545,6.250445632798574
Jalen Hurts,0,6,1157,5443,0.2125665993018556,7.473638720829732
Jalen Hurts,0,8,704,5443,0.1293404372588646,7.7414772727272725
Jalen Hurts,0,9,221,5443,0.040602608855410616,-6.253393665158371
Jalen Hurts,0,10,108,5443,0.01984199889766673,-8.564814814814815
Jalen Hurts,0,11,109,5443,0.02002572110968216,0.0
Jalen Hurts,1,0,19,167,0.11377245508982035,7.7894736842105265
Jalen Hurts,1,1,25,167,0.1497005988023952,7.64
Jalen Hurts,1,2,6,167,0.03592814371257485,15.333333333333334
Jalen Hurts,1,3,9,167,0.05389221556886228,27.22222222222222
Jalen Hurts,1,4,9,167,0.05389221556886228,4.333333333333333
Jalen Hurts,1,5,22,167,0.1317365269461078,5.2272727272727275
Jalen Hurts,1,6,31,167,0.18562874251497005,0.6774193548387096
Jalen Hurts,1,8,22,167,0.1317365269461078,6.2727272727272725
Jalen Hurts,1,9,21,167,0.12574850299401197,-6.476190476190476
Jalen Hurts,1,10,2,167,0.011976047904191617,-21.5
Jalen Hurts,1,11,1,167,0.005988023952095809,0.0
Jameis Winston,0,0,429,3614,0.11870503597122302,9.48951048951049
Jameis Winston,0,1,516,3614,0.14277808522412838,9.670542635658915
Jameis Winston,0,2,239,3614,0.0661317100166021,4.510460251046025
Jameis Winston,0,3,171,3614,0.04731599335915883,3.345029239766082
Jameis Winston,0,4,455,3614,0.12589928057553956,5.1208791208791204
Jameis Winston,0,5,584,3614,0.16159380188157166,7.544520547945205
Jameis Winston,0,6,510,3614,0.14111787493082456,5.284313725490196
Jameis Winston,0,8,358,3614,0.09905921416712783,10.519553072625698
Jameis Winston,0,9,205,3614,0.05672385168788047,-4.765853658536585
Jameis Winston,0,10,65,3614,0.017985611510791366,3.8153846153846156
Jameis Winston,0,11,82,3614,0.022689540675152185,0.0
Jameis Winston,1,0,11,104,0.10576923076923077,13.909090909090908
Jameis Winston,1,1,12,104,0.11538461538461539,7.666666666666667
Jameis Winston,1,2,3,104,0.028846153846153848,0.0
Jameis Winston,1,3,5,104,0.04807692307692308,4.4
Jameis Winston,1,4,7,104,0.0673076923076923,6.571428571428571
Jameis Winston,1,5,10,104,0.09615384615384616,-0.6
Jameis Winston,1,6,18,104,0.17307692307692307,1.8333333333333333
Jameis Winston,1,8,16,104,0.15384615384615385,8.0
Jameis Winston,1,9,15,104,0.14423076923076922,-3.8
Jameis Winston,1,10,1,104,0.009615384615384616,-6.0
Jameis Winston,1,11,6,104,0.057692307692307696,0.0
Jared Goff,0,0,971,7006,0.1385954895803597,6.7301750772399584
Jared Goff,0,1,1449,7006,0.20682272337996002,6.255348516218081
Jared Goff,0,2,432,7006,0.06166143305737939,7.858796296296297
Jared Goff,0,3,496,7006,0.07079646017699115,7.201612903225806
Jared Goff,0,4,214,7006,0.030545246931201826,8.05607476635514
Jared Goff,0,5,799,7006,0.11404510419640308,6.6157697121401755
Jared Goff,0,6,1896,7006,0.2706251784184984,5.5511603375527425
Jared Goff,0,8,191,7006,0.02726234656009135,6.869109947643979
Jared Goff,0,9,371,7006,0.05295461033399943,-7.9568733153638815
Jared Goff,0,10,82,7006,0.011704253497002569,-15.268292682926829
Jared Goff,0,11,105,7006,0.014987153868113046,0.0
Jared Goff,1,0,19,166,0.1144578313253012,5.7368421052631575
Jared Goff,1,1,25,166,0.15060240963855423,0.88
Jared Goff,1,2,8,166,0.04819277108433735,7.375
Jared Goff,1,3,10,166,0.060240963855421686,12.4
Jared Goff,1,4,6,166,0.03614457831325301,9.666666666666666
Jared Goff,1,5,15,166,0.09036144578313253,2.533333333333333
Jared Goff,1,6,40,166,0.24096385542168675,5.275
Jared Goff,1,8,7,166,0.04216867469879518,4.285714285714286
Jared Goff,1,9,25,166,0.15060240963855423,-7.76
Jared Goff,1,10,6,166,0.03614457831325301,-11.333333333333334
Jared Goff,1,11,5,166,0.030120481927710843,0.0
Jimmy Garoppolo,0,0,1039,3428,0.3030921820303384,10.898941289701636
Jimmy Garoppolo,0,1,933,3428,0.27217036172695447,5.931404072883173
Jimmy Garoppolo,0,2,174,3428,0.050758459743290546,8.413793103448276
Jimmy Garoppolo,0,3,174,3428,0.050758459743290546,10.482758620689655
Jimmy Garoppolo,0,4,301,3428,0.08780630105017503,7.9634551495016614
Jimmy Garoppolo,0,5,193,3428,0.05630105017502917,10.487046632124352
Jimmy Garoppolo,0,6,240,3428,0.07001166861143523,11.058333333333334
Jimmy Garoppolo,0,8,106,3428,0.030921820303383897,2.2452830188679247
Jimmy Garoppolo,0,9,140,3428,0.040840140023337225,-2.8142857142857145
Jimmy Garoppolo,0,10,63,3428,0.01837806301050175,6.285714285714286
Jimmy Garoppolo,0,11,65,3428,0.018961493582263712,0.0
Jimmy Garoppolo,1,0,17,70,0.24285714285714285,19.764705882352942
Jimmy Garoppolo,1,1,13,70,0.18571428571428572,5.846153846153846
Jimmy Garoppolo,1,2,2,70,0.02857142857142857,5.0
Jimmy Garoppolo,1,3,2,70,0.02857142857142857,-10.0
Jimmy Garoppolo,1,4,7,70,0.1,3.2857142857142856
Jimmy Garoppolo,1,5,5,70,0.07142857142857142,0.0
Jimmy Garoppolo,1,6,2,70,0.02857142857142857,15.0
Jimmy Garoppolo,1,8,4,70,0.05714285714285714,1.0
Jimmy Garoppolo,1,9,14,70,0.2,-3.2857142857142856
Jimmy Garoppolo,1,10,3,70,0.04285714285714286,0.0
Jimmy Garoppolo,1,11,1,70,0.014285714285714285,0.0
Joe Burrow,0,0,994,5496,0.18085880640465793,10.113682092555331
Joe Burrow,0,1,1432,5496,0.26055312954876275,10.129189944134078
Joe Burrow,0,2,282,5496,0.05131004366812227,11.52127659574468
Joe Burrow,0,3,455,5496,0.08278748180494905,5.745054945054945
Joe Burrow,0,4,349,5496,0.06350072780203785,5.67621776504298
Joe Burrow,0,5,454,5496,0.08260553129548763,10.740088105726873
Joe Burrow,0,6,697,5496,0.12681950509461426,11.187948350071736
Joe Burrow,0,8,188,5496,0.03420669577874818,1.5638297872340425
Joe Burrow,0,9,389,5496,0.0707787481804949,-6.344473007712082
Joe Burrow,0,10,85,5496,0.015465793304221253,5.223529411764706
Joe Burrow,0,11,171,5496,0.03111353711790393,0.0
Joe Burrow,1,0,18,114,0.15789473684210525,3.7222222222222223
Joe Burrow,1,1,20,114,0.17543859649122806,8.45
Joe Burrow,1,2,4,114,0.03508771929824561,12.75
Joe Burrow,1,3,7,114,0.06140350877192982,3.7142857142857144
Joe Burrow,1,4,3,114,0.02631578947368421,7.0
Joe Burrow,1,5,8,114,0.07017543859649122,14.75
Joe Burrow,1,6,7,114,0.06140350877192982,4.857142857142857
Joe Burrow,1,8,10,114,0.08771929824561403,-3.0
Joe Burrow,1,9,29,114,0.2543859649122807,-4.413793103448276
Joe Burrow,1,10,3,114,0.02631578947368421,-1.3333333333333333
Joe Burrow,1,11,5,114,0.043859649122807015,0.0
John Wolford,0,0,22,86,0.2558139534883721,0.0
John Wolford,0,1,22,86,0.2558139534883721,0.0
John Wolford,0,9,21,86,0.2441860465116279,-8.0
John Wolford,0,11,21,86,0.2441860465116279,0.0
John Wolford,1,9,1,2,0.5,-8.0
John Wolford,1,11,1,2,0.5,0.0
Jordan Love,0,0,22,66,0.3333333333333333,0.0
Jordan Love,0,3,22,66,0.3333333333333333,19.0
Jordan Love,0,4,22,66,0.3333333333333333,3.0
Josh Allen,0,0,814,5371,0.15155464531744553,8.562653562653562
Josh Allen,0,1,1034,5371,0.1925153602681065,9.214700193423598
Josh Allen,0,2,444,5371,0.08266617017315211,7.54054054054054
Josh Allen,0,3,729,5371,0.13572891454105382,5.839506172839506
Josh Allen,0,4,285,5371,0.0530627443679017,6.080701754385965
Josh Allen,0,5,579,5371,0.10780115434742134,8.95509499136442
Josh Allen,0,6,768,5371,0.14299013219139825,6.227864583333333
Josh Allen,0,8,384,5371,0.07149506609569913,4.981770833333333
Josh Allen,0,9,142,5371,0.02643827964997207,-3.887323943661972
Josh Allen,0,10,108,5371,0.02010798733941538,0.9444444444444444
Josh Allen,0,11,84,5371,0.015639545708434184,0.0
Josh Allen,1,0,22,151,0.1456953642384106,5.181818181818182
Josh Allen,1,1,22,151,0.1456953642384106,7.909090909090909
Josh Allen,1,2,18,151,0.11920529801324503,5.888888888888889
Josh Allen,1,3,19,151,0.12582781456953643,6.368421052631579
Josh Allen,1,4,1,151,0.006622516556291391,5.0
Josh Allen,1,5,15,151,0.09933774834437085,9.266666666666667
Josh Allen,1,6,24,151,0.15894039735099338,7.875
Josh Allen,1,8,12,151,0.07947019867549669,1.9166666666666667
Josh Allen,1,9,12,151,0.07947019867549669,-3.5
Josh Allen,1,10,2,151,0.013245033112582781,-7.0
Josh Allen,1,11,4,151,0.026490066225165563,0.0
Josh Johnson,0,1,43,43,1.0,4.093023255813954
Josh Johnson,1,1,1,1,1.0,0.0
Josh Rosen,0,2,21,42,0.5,0.0
Josh Rosen,0,5,21,42,0.5,0.0
Josh Rosen,1,2,1,2,0.5,0.0
Josh Rosen,1,5,1,2,0.5,0.0
Justin Fields,0,0,652,4155,0.1569193742478941,5.473926380368098
Justin Fields,0,1,977,4155,0.23513838748495788,7.992835209825998
Justin Fields,0,2,130,4155,0.031287605294825514,0.16923076923076924
Justin Fields,0,3,131,4155,0.031528279181708786,10.916030534351146
Justin Fields,0,4,129,4155,0.03104693140794224,16.891472868217054
Justin Fields,0,5,191,4155,0.04596871239470517,5.9162303664921465
Justin Fields,0,6,737,4155,0.17737665463297234,5.492537313432836
Justin Fields,0,8,490,4155,0.11793020457280386,8.973469387755102
Justin Fields,0,9,407,4155,0.09795427196149217,-6.921375921375922
Justin Fields,0,10,141,4155,0.03393501805054152,-7.3120567375886525
Justin Fields,0,11,170,4155,0.04091456077015644,0.0
Justin Fields,1,0,8,113,0.07079646017699115,4.875
Justin Fields,1,1,13,113,0.11504424778761062,3.4615384615384617
Justin Fields,1,2,2,113,0.017699115044247787,0.0
Justin Fields,1,3,1,113,0.008849557522123894,22.0
Justin Fields,1,4,3,113,0.02654867256637168,7.0
Justin Fields,1,5,7,113,0.061946902654867256,-4.285714285714286
Justin Fields,1,6,11,113,0.09734513274336283,10.0
Justin Fields,1,8,16,113,0.1415929203539823,9.8125
Justin Fields,1,9,33,113,0.2920353982300885,-5.96969696969697
Justin Fields,1,10,13,113,0.11504424778761062,-7.0
Justin Fields,1,11,6,113,0.05309734513274336,0.0
Justin Herbert,0,0,801,5918,0.13534978033119296,9.660424469413233
Justin Herbert,0,1,1153,5918,0.1948293342345387,7.414570685169124
Justin Herbert,0,2,413,5918,0.06978709023318688,6.418886198547216
Justin Herbert,0,3,348,5918,0.058803649881716796,5.818965517241379
Justin Herbert,0,4,408,5918,0.06894221020615073,6.9411764705882355
Justin Herbert,0,5,567,5918,0.09580939506590064,7.081128747795415
Justin Herbert,0,6,1556,5918,0.26292666441365325,5.641388174807198
Justin Herbert,0,8,209,5918,0.03531598513011153,7.885167464114833
Justin Herbert,0,9,245,5918,0.04139912132477188,-7.130612244897959
Justin Herbert,0,10,64,5918,0.010814464346062858,2.890625
Justin Herbert,0,11,154,5918,0.026022304832713755,0.0
Justin Herbert,1,0,13,110,0.11818181818181818,3.8461538461538463
Justin Herbert,1,1,13,110,0.11818181818181818,5.769230769230769
Justin Herbert,1,2,5,110,0.045454545454545456,2.2
Justin Herbert,1,3,4,110,0.03636363636363636,5.25
Justin Herbert,1,4,10,110,0.09090909090909091,5.0
Justin Herbert,1,5,5,110,0.045454545454545456,-2.2
Justin Herbert,1,6,28,110,0.2545454545454545,3.9285714285714284
Justin Herbert,1,8,11,110,0.1,8.181818181818182
Justin Herbert,1,9,19,110,0.17272727272727273,-7.631578947368421
Justin Herbert,1,10,2,110,0.01818181818181818,-4.5
Kirk Cousins,0,0,1077,5464,0.19710834553440704,7.930362116991644
Kirk Cousins,0,1,926,5464,0.16947291361639824,5.265658747300216
Kirk Cousins,0,2,584,5464,0.10688140556368961,7.094178082191781
Kirk Cousins,0,3,558,5464,0.1021229868228404,4.146953405017921
Kirk Cousins,0,4,411,5464,0.07521961932650073,9.902676399026763
Kirk Cousins,0,5,628,5464,0.11493411420204978,9.210191082802547
Kirk Cousins,0,6,883,5464,0.16160322108345535,7.407701019252548
Kirk Cousins,0,8,150,5464,0.02745241581259151,10.24
Kirk Cousins,0,9,162,5464,0.02964860907759883,-5.6234567901234565
Kirk Cousins,0,10,42,5464,0.0076866764275256225,-1.7619047619047619
Kirk Cousins,0,11,43,5464,0.0078696925329429,0.0
Kirk Cousins,1,0,23,124,0.18548387096774194,1.6956521739130435
Kirk Cousins,1,1,20,124,0.16129032258064516,0.4
Kirk Cousins,1,2,10,124,0.08064516129032258,3.7
Kirk Cousins,1,3,14,124,0.11290322580645161,4.428571428571429
Kirk Cousins,1,4,7,124,0.056451612903225805,3.142857142857143
Kirk Cousins,1,5,10,124,0.08064516129032258,9.0
Kirk Cousins,1,6,19,124,0.1532258064516129,1.9473684210526316
Kirk Cousins,1,8,4,124,0.03225806451612903,1.0
Kirk Cousins,1,9,14,124,0.11290322580645161,-5.642857142857143
Kirk Cousins,1,10,2,124,0.016129032258064516,-7.0
Kirk Cousins,1,11,1,124,0.008064516129032258,0.0
Kyler Murray,0,0,1118,5046,0.22156163297661513,6.01252236135957
Kyler Murray,0,1,971,5046,0.19242964724534284,8.59114315139032
Kyler Murray,0,2,585,5046,0.1159334126040428,9.976068376068376
Kyler Murray,0,3,217,5046,0.04300435988902101,16.774193548387096
Kyler Murray,0,4,282,5046,0.0558858501783591,13.641843971631205
Kyler Murray,0,5,469,5046,0.09294490685691637,11.270788912579958
Kyler Murray,0,6,565,5046,0.11196987713040031,11.72920353982301
Kyler Murray,0,8,298,5046,0.05905667855727309,7.208053691275167
Kyler Murray,0,9,410,5046,0.08125247720967102,-5.68780487804878
Kyler Murray,0,11,131,5046,0.025961157352358304,0.0
Kyler Murray,1,0,26,124,0.20967741935483872,3.769230769230769
Kyler Murray,1,1,19,124,0.1532258064516129,4.421052631578948
Kyler Murray,1,2,9,124,0.07258064516129033,9.11111111111111
Kyler Murray,1,3,3,124,0.024193548387096774,48.0
Kyler Murray,1,4,4,124,0.03225806451612903,11.75
Kyler Murray,1,5,15,124,0.12096774193548387,15.733333333333333
Kyler Murray,1,6,7,124,0.056451612903225805,8.714285714285714
Kyler Murray,1,8,10,124,0.08064516129032258,9.6
Kyler Murray,1,9,30,124,0.24193548387096775,-6.6
Kyler Murray,1,11,1,124,0.008064516129032258,0.0
Lamar Jackson,0,0,1204,5582,0.21569329989251165,9.668604651162791
Lamar Jackson,0,1,1495,5582,0.2678251522751702,8.448829431438128
Lamar Jackson,0,2,415,5582,0.07434611250447869,9.595180722891566
Lamar Jackson,0,3,64,5582,0.01146542457900394,4.46875
Lamar Jackson,0,4,172,5582,0.03081332855607309,9.732558139534884
Lamar Jackson,0,5,261,5582,0.04675743461125045,7.065134099616858
Lamar Jackson,0,6,736,5582,0.13185238265854532,8.543478260869565
Lamar Jackson,0,8,592,5582,0.10605517735578646,7.908783783783784
Lamar Jackson,0,9,428,5582,0.07667502687208885,-4.483644859813084
Lamar Jackson,0,10,86,5582,0.015406664278036546,0.32558139534883723
Lamar Jackson,0,11,129,5582,0.02310999641705482,0.0
Lamar Jackson,1,0,28,138,0.2028985507246377,9.321428571428571
Lamar Jackson,1,1,23,138,0.16666666666666666,8.478260869565217
Lamar Jackson,1,2,3,138,0.021739130434782608,0.0
Lamar Jackson,1,3,2,138,0.014492753623188406,0.0
Lamar Jackson,1,4,4,138,0.028985507246376812,10.5
Lamar Jackson,1,5,3,138,0.021739130434782608,1.3333333333333333
Lamar Jackson,1,6,12,138,0.08695652173913043,5.833333333333333
Lamar Jackson,1,8,24,138,0.17391304347826086,6.583333333333333
Lamar Jackson,1,9,34,138,0.2463768115942029,-4.382352941176471
Lamar Jackson,1,10,2,138,0.014492753623188406,-3.0
Lamar Jackson,1,11,3,138,0.021739130434782608,0.0
Mac Jones,0,0,760,6111,0.12436589756177385,6.955263157894737
Mac Jones,0,1,1449,6111,0.23711340206185566,7.3354037267080745
Mac Jones,0,2,1228,6111,0.20094910816560302,7.086319218241043
Mac Jones,0,3,587,6111,0.0960562919325806,8.320272572402045
Mac Jones,0,4,501,6111,0.0819833087874325,9.087824351297405
Mac Jones,0,5,496,6111,0.08116511209294715,4.794354838709677
Mac Jones,0,6,390,6111,0.06381934216985763,6.915384615384616
Mac Jones,0,8,152,6111,0.02487317951235477,9.539473684210526
Mac Jones,0,9,271,6111,0.044346260841106204,-6.070110701107011
Mac Jones,0,10,148,6111,0.024218622156766487,-2.75
Mac Jones,0,11,129,6111,0.02110947471772214,0.0
Mac Jones,1,0,10,115,0.08695652173913043,8.2
Mac Jones,1,1,25,115,0.21739130434782608,2.52
Mac Jones,1,2,26,115,0.22608695652173913,6.3076923076923075
Mac Jones,1,3,7,115,0.06086956521739131,6.285714285714286
Mac Jones,1,4,5,115,0.043478260869565216,9.0
Mac Jones,1,5,10,115,0.08695652173913043,2.0
Mac Jones,1,6,6,115,0.05217391304347826,1.5
Mac Jones,1,8,2,115,0.017391304347826087,12.0
Mac Jones,1,9,15,115,0.13043478260869565,-6.2
Mac Jones,1,10,6,115,0.05217391304347826,-9.166666666666666
Mac Jones,1,11,3,115,0.02608695652173913,0.0
Matt Ryan,0,0,1208,6184,0.19534282018111254,6.769039735099338
Matt Ryan,0,1,1927,6184,0.31161060802069857,6.871821484172289
Matt Ryan,0,2,564,6184,0.09120310478654592,8.111702127659575
Matt Ryan,0,3,196,6184,0.03169469598965071,3.122448979591837
Matt Ryan,0,4,175,6184,0.028298835705045277,3.617142857142857
Matt Ryan,0,5,795,6184,0.12855756791720568,9.152201257861636
Matt Ryan,0,6,775,6184,0.12532341526520052,6.663225806451613
Matt Ryan,0,8,84,6184,0.013583441138421734,7.857142857142857
Matt Ryan,0,9,246,6184,0.03978007761966365,-5.662601626016261
Matt Ryan,0,10,85,6184,0.013745148771021991,4.258823529411765
Matt Ryan,0,11,129,6184,0.020860284605433377,0.0
Matt Ryan,1,0,24,130,0.18461538461538463,5.791666666666667
Matt Ryan,1,1,31,130,0.23846153846153847,6.451612903225806
Matt Ryan,1,2,8,130,0.06153846153846154,5.625
Matt Ryan,1,3,2,130,0.015384615384615385,13.0
Matt Ryan,1,4,1,130,0.007692307692307693,5.0
Matt Ryan,1,5,19,130,0.14615384615384616,8.421052631578947
Matt Ryan,1,6,17,130,0.13076923076923078,4.235294117647059
Matt Ryan,1,8,4,130,0.03076923076923077,5.5
Matt Ryan,1,9,18,130,0.13846153846153847,-3.2777777777777777
Matt Ryan,1,10,3,130,0.023076923076923078,4.0
Matt Ryan,1,11,3,130,0.023076923076923078,0.0
Matthew Stafford,0,0,913,5353,0.17055856529049132,8.819277108433734
Matthew Stafford,0,1,1090,5353,0.2036241359985055,9.675229357798164
Matthew Stafford,0,2,629,5353,0.11750420325051374,6.901430842607313
Matthew Stafford,0,3,432,5353,0.08070240986362787,12.555555555555555
Matthew Stafford,0,4,651,5353,0.12161404819727256,8.211981566820276
Matthew Stafford,0,5,691,5353,0.1290864935550159,10.306801736613604
Matthew Stafford,0,6,589,5353,0.11003175789277041,10.837011884550085
Matthew Stafford,0,8,109,5353,0.02036241359985055,5.825688073394495
Matthew Stafford,0,9,143,5353,0.026713992153932373,-8.566433566433567
Matthew Stafford,0,11,106,5353,0.019801980198019802,0.0
Matthew Stafford,1,0,11,81,0.13580246913580246,10.0
Matthew Stafford,1,1,10,81,0.12345679012345678,5.8
Matthew Stafford,1,2,9,81,0.1111111111111111,9.0
Matthew Stafford,1,3,8,81,0.09876543209876543,6.75
Matthew Stafford,1,4,9,81,0.1111111111111111,12.222222222222221
Matthew Stafford,1,5,13,81,0.16049382716049382,0.46153846153846156
Matthew Stafford,1,6,5,81,0.06172839506172839,12.6
Matthew Stafford,1,8,1,81,0.012345679012345678,3.0
Matthew Stafford,1,9,11,81,0.13580246913580246,-8.636363636363637
Matthew Stafford,1,11,4,81,0.04938271604938271,0.0
Mike Glennon,0,1,296,469,0.6311300639658849,6.023648648648648
Mike Glennon,0,2,44,469,0.09381663113006397,6.5
Mike Glennon,0,3,21,469,0.04477611940298507,26.0
Mike Glennon,0,4,22,469,0.046908315565031986,35.0
Mike Glennon,0,5,22,469,0.046908315565031986,7.0
Mike Glennon,0,8,21,469,0.04477611940298507,5.0
Mike Glennon,0,11,43,469,0.09168443496801706,0.0
Mike Glennon,1,1,12,15,0.8,-0.08333333333333333
Mike Glennon,1,3,1,15,0.06666666666666667,26.0
Mike Glennon,1,8,1,15,0.06666666666666667,5.0
Mike Glennon,1,11,1,15,0.06666666666666667,0.0
Mike White,0,0,500,1640,0.3048780487804878,7.606
Mike White,0,1,585,1640,0.3567073170731707,6.9162393162393165
Mike White,0,2,65,1640,0.039634146341463415,3.6307692307692307
Mike White,0,3,87,1640,0.05304878048780488,8.310344827586206
Mike White,0,4,87,1640,0.05304878048780488,5.482758620689655
Mike White,0,5,42,1640,0.025609756097560974,7.142857142857143
Mike White,0,6,129,1640,0.07865853658536585,9.30232558139535
Mike White,0,9,59,1640,0.03597560975609756,-5.338983050847458
Mike White,0,10,22,1640,0.013414634146341463,26.0
Mike White,0,11,64,1640,0.03902439024390244,0.0
Mike White,1,0,6,32,0.1875,4.166666666666667
Mike White,1,1,9,32,0.28125,10.0
Mike White,1,2,1,32,0.03125,6.0
Mike White,1,3,1,32,0.03125,3.0
Mike White,1,4,1,32,0.03125,7.0
Mike White,1,5,2,32,0.0625,15.0
Mike White,1,6,3,32,0.09375,10.666666666666666
Mike White,1,9,7,32,0.21875,-5.285714285714286
Mike White,1,11,2,32,0.0625,0.0
Mitchell Trubisky,0,2,22,65,0.3384615384615385,1.0
Mitchell Trubisky,0,6,22,65,0.3384615384615385,8.0
Mitchell Trubisky,0,8,21,65,0.3230769230769231,22.0
Mitchell Trubisky,1,8,1,1,1.0,22.0
Nathan Peterman,0,8,20,20,1.0,1.0
Nathan Peterman,1,8,2,2,1.0,1.0
Patrick Mahomes,0,0,1038,6922,0.1499566599248772,7.211946050096339
Patrick Mahomes,0,1,1443,6922,0.20846576134065298,7.3652113652113655
Patrick Mahomes,0,2,641,6922,0.09260329384570934,8.865834633385335
Patrick Mahomes,0,3,409,6922,0.059086969084079746,5.997555012224939
Patrick Mahomes,0,4,414,6922,0.0598093036694597,8.352657004830919
Patrick Mahomes,0,5,627,6922,0.09058075700664547,7.7240829346092506
Patrick Mahomes,0,6,1121,6922,0.16194741404218435,7.655664585191793
Patrick Mahomes,0,8,599,6922,0.08653568332851777,8.480801335559265
Patrick Mahomes,0,9,246,6922,0.035538861600693444,-4.6138211382113825
Patrick Mahomes,0,10,170,6922,0.02455937590291823,-7.852941176470588
Patrick Mahomes,0,11,214,6922,0.030915920254261774,0.0
Patrick Mahomes,1,0,18,162,0.1111111111111111,9.444444444444445
Patrick Mahomes,1,1,31,162,0.19135802469135801,9.161290322580646
Patrick Mahomes,1,2,19,162,0.11728395061728394,5.421052631578948
Patrick Mahomes,1,3,9,162,0.05555555555555555,3.6666666666666665
Patrick Mahomes,1,4,4,162,0.024691358024691357,4.5
Patrick Mahomes,1,5,11,162,0.06790123456790123,5.7272727272727275
Patrick Mahomes,1,6,23,162,0.1419753086419753,2.782608695652174
Patrick Mahomes,1,8,17,162,0.10493827160493827,6.588235294117647
Patrick Mahomes,1,9,18,162,0.1111111111111111,-5.388888888888889
Patrick Mahomes,1,10,6,162,0.037037037037037035,-8.5
Patrick Mahomes,1,11,6,162,0.037037037037037035,0.0
Phillip Walker,0,0,151,382,0.39528795811518325,3.7880794701986753
Phillip Walker,0,4,21,382,0.0549738219895288,0.0
Phillip Walker,0,6,129,382,0.337696335078534,-1.627906976744186
Phillip Walker,0,8,22,382,0.05759162303664921,13.0
Phillip Walker,0,9,59,382,0.1544502617801047,-5.3559322033898304
Phillip Walker,1,0,3,14,0.21428571428571427,0.0
Phillip Walker,1,4,1,14,0.07142857142857142,0.0
Phillip Walker,1,6,3,14,0.21428571428571427,-3.3333333333333335
Phillip Walker,1,9,7,14,0.5,-5.142857142857143
Russell Wilson,0,0,427,2821,0.1513647642679901,10.526932084309134
Russell Wilson,0,1,406,2821,0.14392059553349876,8.753694581280788
Russell Wilson,0,2,215,2821,0.07621410847217298,17.595348837209304
Russell Wilson,0,3,151,2821,0.05352711804324708,20.019867549668874
Russell Wilson,0,4,322,2821,0.1141439205955335,9.76086956521739
Russell Wilson,0,5,412,2821,0.14604750088621057,10.092233009708737
Russell Wilson,0,6,390,2821,0.1382488479262673,8.628205128205128
Russell Wilson,0,8,212,2821,0.07515065579581709,7.433962264150943
Russell Wilson,0,9,222,2821,0.07869549805033677,-7.256756756756757
Russell Wilson,0,10,42,2821,0.01488833746898263,-0.19047619047619047
Russell Wilson,0,11,22,2821,0.0077986529599432825,0.0
Russell Wilson,1,0,13,83,0.1566265060240964,9.615384615384615
Russell Wilson,1,1,12,83,0.14457831325301204,2.6666666666666665
Russell Wilson,1,2,5,83,0.060240963855421686,9.0
Russell Wilson,1,3,3,83,0.03614457831325301,11.666666666666666
Russell Wilson,1,4,8,83,0.0963855421686747,11.375
Russell Wilson,1,5,6,83,0.07228915662650602,0.0
Russell Wilson,1,6,6,83,0.07228915662650602,7.5
Russell Wilson,1,8,8,83,0.0963855421686747,6.5
Russell Wilson,1,9,20,83,0.24096385542168675,-7.45
Russell Wilson,1,10,2,83,0.024096385542168676,-7.0
Ryan Fitzpatrick,0,0,41,169,0.24260355029585798,3.073170731707317
Ryan Fitzpatrick,0,1,21,169,0.1242603550295858,0.0
Ryan Fitzpatrick,0,2,22,169,0.1301775147928994,0.0
Ryan Fitzpatrick,0,5,22,169,0.1301775147928994,35.0
Ryan Fitzpatrick,0,6,20,169,0.11834319526627218,2.0
Ryan Fitzpatrick,0,8,22,169,0.1301775147928994,2.0
Ryan Fitzpatrick,0,10,21,169,0.1242603550295858,-2.0
Ryan Fitzpatrick,1,0,3,7,0.42857142857142855,2.0
Ryan Fitzpatrick,1,1,1,7,0.14285714285714285,0.0
Ryan Fitzpatrick,1,6,2,7,0.2857142857142857,2.0
Ryan Fitzpatrick,1,10,1,7,0.14285714285714285,-2.0
Ryan Tannehill,0,0,1030,5949,0.17313834257858463,8.436893203883495
Ryan Tannehill,0,1,948,5949,0.15935451336359052,9.55168776371308
Ryan Tannehill,0,2,625,5949,0.10505967389477223,6.7712
Ryan Tannehill,0,3,451,5949,0.07581106068246764,7.991130820399113
Ryan Tannehill,0,4,586,5949,0.09850395024373844,8.356655290102388
Ryan Tannehill,0,5,606,5949,0.10186585980837115,8.463696369636963
Ryan Tannehill,0,6,844,5949,0.1418725836275004,5.186018957345971
Ryan Tannehill,0,8,218,5949,0.036644814254496554,10.917431192660551
Ryan Tannehill,0,9,407,5949,0.06841485964027567,-6.815724815724816
Ryan Tannehill,0,10,84,5949,0.014120020171457387,-9.595238095238095
Ryan Tannehill,0,11,150,5949,0.025214321734745335,0.0
Ryan Tannehill,1,0,26,145,0.1793103448275862,3.3846153846153846
Ryan Tannehill,1,1,20,145,0.13793103448275862,8.15
Ryan Tannehill,1,2,13,145,0.0896551724137931,7.846153846153846
Ryan Tannehill,1,3,11,145,0.07586206896551724,8.363636363636363
Ryan Tannehill,1,4,8,145,0.05517241379310345,3.875
Ryan Tannehill,1,5,10,145,0.06896551724137931,4.1
Ryan Tannehill,1,6,14,145,0.09655172413793103,3.2142857142857144
Ryan Tannehill,1,8,2,145,0.013793103448275862,9.0
Ryan Tannehill,1,9,33,145,0.22758620689655173,-5.9393939393939394
Ryan Tannehill,1,10,4,145,0.027586206896551724,-13.0
Ryan Tannehill,1,11,4,145,0.027586206896551724,0.0
Sam Darnold,0,0,584,5917,0.09869866486395133,8.023972602739725
Sam Darnold,0,1,562,5917,0.09498056447524084,6.827402135231317
Sam Darnold,0,2,812,5917,0.13723170525604192,6.964285714285714
Sam Darnold,0,3,759,5917,0.12827446341051207,7.982872200263505
Sam Darnold,0,4,516,5917,0.08720635457157343,7.445736434108527
Sam Darnold,0,5,841,5917,0.14213283758661485,7.643281807372176
Sam Darnold,0,6,900,5917,0.1521041068108839,6.151111111111111
Sam Darnold,0,8,319,5917,0.05391245563630218,9.501567398119123
Sam Darnold,0,9,348,5917,0.05881358796687511,-4.422413793103448
Sam Darnold,0,10,104,5917,0.01757647456481325,-0.6057692307692307
Sam Darnold,0,11,172,5917,0.029068784857191145,0.0
Sam Darnold,1,0,10,155,0.06451612903225806,6.6
Sam Darnold,1,1,10,155,0.06451612903225806,5.7
Sam Darnold,1,2,24,155,0.15483870967741936,7.291666666666667
Sam Darnold,1,3,11,155,0.07096774193548387,5.181818181818182
Sam Darnold,1,4,12,155,0.07741935483870968,2.5
Sam Darnold,1,5,17,155,0.10967741935483871,10.117647058823529
Sam Darnold,1,6,24,155,0.15483870967741936,4.916666666666667
Sam Darnold,1,8,11,155,0.07096774193548387,8.454545454545455
Sam Darnold,1,9,26,155,0.16774193548387098,-4.269230769230769
Sam Darnold,1,10,6,155,0.03870967741935484,-4.166666666666667
Sam Darnold,1,11,4,155,0.025806451612903226,0.0
Taylor Heinicke,0,0,845,6242,0.13537327779557834,8.562130177514794
Taylor Heinicke,0,1,1754,6242,0.28099967958987504,7.631128848346636
Taylor Heinicke,0,2,238,6242,0.0381288048702339,5.995798319327731
Taylor Heinicke,0,3,385,6242,0.061678949054790135,5.54025974025974
Taylor Heinicke,0,4,152,6242,0.024351169496956104,7.815789473684211
Taylor Heinicke,0,5,576,6242,0.09227811598846523,6.177083333333333
Taylor Heinicke,0,6,1190,6242,0.1906440243511695,7.568067226890756
Taylor Heinicke,0,8,577,6242,0.09243832105094521,7.369150779896014
Taylor Heinicke,0,9,225,6242,0.03604613905799423,-6.395555555555555
Taylor Heinicke,0,10,84,6242,0.013457225248317847,-2.5
Taylor Heinicke,0,11,216,6242,0.03460429349567446,0.0
Taylor Heinicke,1,0,13,138,0.09420289855072464,7.0
Taylor Heinicke,1,1,28,138,0.2028985507246377,5.964285714285714
Taylor Heinicke,1,2,4,138,0.028985507246376812,6.25
Taylor Heinicke,1,3,11,138,0.07971014492753623,0.09090909090909091
Taylor Heinicke,1,4,2,138,0.014492753623188406,0.0
Taylor Heinicke,1,5,18,138,0.13043478260869565,5.222222222222222
Taylor Heinicke,1,6,20,138,0.14492753623188406,6.2
Taylor Heinicke,1,8,17,138,0.12318840579710146,10.0
Taylor Heinicke,1,9,17,138,0.12318840579710146,-5.9411764705882355
Taylor Heinicke,1,10,4,138,0.028985507246376812,-2.5
Taylor Heinicke,1,11,4,138,0.028985507246376812,0.0
Taysom Hill,0,0,21,680,0.030882352941176472,3.0
Taysom Hill,0,1,106,680,0.15588235294117647,9.264150943396226
Taysom Hill,0,2,43,680,0.06323529411764706,0.0
Taysom Hill,0,3,21,680,0.030882352941176472,15.0
Taysom Hill,0,4,21,680,0.030882352941176472,0.0
Taysom Hill,0,5,174,680,0.25588235294117645,11.281609195402298
Taysom Hill,0,6,87,680,0.12794117647058822,7.712643678160919
Taysom Hill,0,8,61,680,0.08970588235294118,5.754098360655738
Taysom Hill,0,9,62,680,0.09117647058823529,-6.048387096774194
Taysom Hill,0,10,21,680,0.030882352941176472,-6.0
Taysom Hill,0,11,63,680,0.09264705882352942,0.0
Taysom Hill,1,0,1,24,0.041666666666666664,3.0
Taysom Hill,1,1,4,24,0.16666666666666666,2.0
Taysom Hill,1,2,1,24,0.041666666666666664,0.0
Taysom Hill,1,3,1,24,0.041666666666666664,15.0
Taysom Hill,1,4,1,24,0.041666666666666664,0.0
Taysom Hill,1,5,2,24,0.08333333333333333,8.5
Taysom Hill,1,6,1,24,0.041666666666666664,11.0
Taysom Hill,1,8,5,24,0.20833333333333334,4.6
Taysom Hill,1,9,4,24,0.16666666666666666,-5.25
Taysom Hill,1,10,1,24,0.041666666666666664,-6.0
Taysom Hill,1,11,3,24,0.125,0.0
Teddy Bridgewater,0,0,540,5770,0.09358752166377816,6.477777777777778
Teddy Bridgewater,0,1,1166,5770,0.20207972270363952,9.356775300171526
Teddy Bridgewater,0,2,362,5770,0.06273830155979203,11.94475138121547
Teddy Bridgewater,0,3,174,5770,0.030155979202772965,11.0
Teddy Bridgewater,0,4,278,5770,0.048180242634315425,5.967625899280575
Teddy Bridgewater,0,5,886,5770,0.1535528596187175,7.72234762979684
Teddy Bridgewater,0,6,1554,5770,0.26932409012131714,7.328185328185328
Teddy Bridgewater,0,8,191,5770,0.03310225303292894,10.193717277486911
Teddy Bridgewater,0,9,423,5770,0.0733102253032929,-6.479905437352246
Teddy Bridgewater,0,10,64,5770,0.011091854419410746,10.59375
Teddy Bridgewater,0,11,132,5770,0.022876949740034663,2.0
Teddy Bridgewater,1,0,10,148,0.06756756756756757,4.4
Teddy Bridgewater,1,1,22,148,0.14864864864864866,8.090909090909092
Teddy Bridgewater,1,2,12,148,0.08108108108108109,13.666666666666666
Teddy Bridgewater,1,3,2,148,0.013513513513513514,11.0
Teddy Bridgewater,1,4,8,148,0.05405405405405406,7.125
Teddy Bridgewater,1,5,16,148,0.10810810810810811,5.5
Teddy Bridgewater,1,6,30,148,0.20270270270270271,5.4
Teddy Bridgewater,1,8,7,148,0.0472972972972973,11.0
Teddy Bridgewater,1,9,39,148,0.2635135135135135,-5.871794871794871
Teddy Bridgewater,1,10,2,148,0.013513513513513514,13.0
Tom Brady,0,0,1478,6634,0.22279167922821827,8.290257104194858
Tom Brady,0,1,2171,6634,0.327253542357552,7.208659603869185
Tom Brady,0,2,521,6634,0.07853482062104311,10.84644913627639
Tom Brady,0,3,305,6634,0.04597527886644558,11.468852459016393
Tom Brady,0,4,348,6634,0.05245703949351824,4.761494252873563
Tom Brady,0,5,546,6634,0.08230328610189931,9.380952380952381
Tom Brady,0,6,758,6634,0.11425987337955984,8.389182058047494
Tom Brady,0,8,109,6634,0.016430509496533012,7.63302752293578
Tom Brady,0,9,187,6634,0.02818812179680434,-8.005347593582888
Tom Brady,0,10,105,6634,0.01582755501959602,-2.019047619047619
Tom Brady,0,11,106,6634,0.015978293638830268,0.0
Tom Brady,1,0,18,98,0.1836734693877551,3.7222222222222223
Tom Brady,1,1,29,98,0.29591836734693877,3.5172413793103448
Tom Brady,1,2,7,98,0.07142857142857142,6.714285714285714
Tom Brady,1,3,3,98,0.030612244897959183,7.333333333333333
Tom Brady,1,4,4,98,0.04081632653061224,3.75
Tom Brady,1,5,4,98,0.04081632653061224,12.0
Tom Brady,1,6,12,98,0.12244897959183673,12.75
Tom Brady,1,8,1,98,0.01020408163265306,4.0
Tom Brady,1,9,11,98,0.11224489795918367,-7.909090909090909
Tom Brady,1,10,5,98,0.05102040816326531,-6.0
Tom Brady,1,11,4,98,0.04081632653061224,0.0
Trevor Lawrence,0,0,707,5667,0.12475736721369331,4.306930693069307
Trevor Lawrence,0,1,907,5667,0.16004940885830246,3.3958103638368247
Trevor Lawrence,0,2,367,5667,0.06476089641785777,8.408719346049047
Trevor Lawrence,0,3,302,5667,0.0532909828833598,7.033112582781457
Trevor Lawrence,0,4,390,5667,0.06881948120698782,7.343589743589743
Trevor Lawrence,0,5,703,5667,0.12405152638080114,7.834992887624467
Trevor Lawrence,0,6,1594,5667,0.28127757190753483,7.636762860727729
Trevor Lawrence,0,8,235,5667,0.04146814893241574,8.017021276595745
Trevor Lawrence,0,9,183,5667,0.03229221810481736,-4.754098360655738
Trevor Lawrence,0,10,106,5667,0.018704782071642844,-6.283018867924528
Trevor Lawrence,0,11,173,5667,0.030527616022586905,0.0
Trevor Lawrence,1,0,19,141,0.1347517730496454,4.157894736842105
Trevor Lawrence,1,1,17,141,0.12056737588652482,2.588235294117647
Trevor Lawrence,1,2,7,141,0.04964539007092199,8.571428571428571
Trevor Lawrence,1,3,6,141,0.0425531914893617,9.0
Trevor Lawrence,1,4,6,141,0.0425531914893617,3.0
Trevor Lawrence,1,5,23,141,0.16312056737588654,7.304347826086956
Trevor Lawrence,1,6,34,141,0.24113475177304963,6.264705882352941
Trevor Lawrence,1,8,7,141,0.04964539007092199,7.428571428571429
Trevor Lawrence,1,9,15,141,0.10638297872340426,-6.533333333333333
Trevor Lawrence,1,10,4,141,0.028368794326241134,-4.0
Trevor Lawrence,1,11,3,141,0.02127659574468085,0.0
Trevor Siemian,0,0,22,623,0.03531300160513644,0.0
Trevor Siemian,0,1,88,623,0.14125200642054575,14.5
Trevor Siemian,0,2,85,623,0.13643659711075443,3.458823529411765
Trevor Siemian,0,3,42,623,0.06741573033707865,4.476190476190476
Trevor Siemian,0,4,21,623,0.033707865168539325,14.0
Trevor Siemian,0,5,150,623,0.24077046548956663,6.54
Trevor Siemian,0,6,131,623,0.2102728731942215,5.038167938931298
Trevor Siemian,0,8,20,623,0.03210272873194221,3.0
Trevor Siemian,0,9,21,623,0.033707865168539325,-6.0
Trevor Siemian,0,10,21,623,0.033707865168539325,0.0
Trevor Siemian,0,11,22,623,0.03531300160513644,0.0
Trevor Siemian,1,2,3,15,0.2,4.666666666666667
Trevor Siemian,1,3,2,15,0.13333333333333333,5.0
Trevor Siemian,1,4,1,15,0.06666666666666667,14.0
Trevor Siemian,1,5,4,15,0.26666666666666666,7.75
Trevor Siemian,1,6,1,15,0.06666666666666667,0.0
Trevor Siemian,1,8,2,15,0.13333333333333333,3.0
Trevor Siemian,1,9,1,15,0.06666666666666667,-6.0
Trevor Siemian,1,10,1,15,0.06666666666666667,0.0
Trey Lance,0,0,170,1288,0.13198757763975155,4.723529411764706
Trey Lance,0,1,88,1288,0.06832298136645963,3.0
Trey Lance,0,2,109,1288,0.08462732919254658,4.587155963302752
Trey Lance,0,3,259,1288,0.20108695652173914,6.9652509652509655
Trey Lance,0,4,107,1288,0.08307453416149069,5.102803738317757
Trey Lance,0,5,194,1288,0.15062111801242237,14.907216494845361
Trey Lance,0,6,44,1288,0.034161490683229816,15.5
Trey Lance,0,8,233,1288,0.18090062111801242,5.9742489270386265
Trey Lance,0,9,62,1288,0.04813664596273292,-2.3548387096774195
Trey Lance,0,11,22,1288,0.017080745341614908,0.0
Trey Lance,1,0,6,32,0.1875,1.8333333333333333
Trey Lance,1,2,1,32,0.03125,6.0
Trey Lance,1,3,5,32,0.15625,4.4
Trey Lance,1,4,3,32,0.09375,8.666666666666666
Trey Lance,1,5,4,32,0.125,-2.5
Trey Lance,1,8,9,32,0.28125,6.666666666666667
Trey Lance,1,9,4,32,0.125,-2.0
Tua Tagovailoa,0,0,672,3042,0.22090729783037474,5.839285714285714
Tua Tagovailoa,0,1,736,3042,0.24194608809993426,5.756793478260869
Tua Tagovailoa,0,2,192,3042,0.0631163708086785,12.713541666666666
Tua Tagovailoa,0,3,303,3042,0.09960552268244575,6.821782178217822
Tua Tagovailoa,0,4,235,3042,0.07725180802103879,7.829787234042553
Tua Tagovailoa,0,5,256,3042,0.084155161078238,5.6953125
Tua Tagovailoa,0,6,210,3042,0.06903353057199212,5.347619047619047
Tua Tagovailoa,0,8,171,3042,0.05621301775147929,6.783625730994152
Tua Tagovailoa,0,9,141,3042,0.046351084812623275,-5.7304964539007095
Tua Tagovailoa,0,10,21,3042,0.006903353057199211,-6.0
Tua Tagovailoa,0,11,105,3042,0.03451676528599606,0.0
Tua Tagovailoa,1,0,10,82,0.12195121951219512,5.8
Tua Tagovailoa,1,1,12,82,0.14634146341463414,6.25
Tua Tagovailoa,1,2,6,82,0.07317073170731707,22.166666666666668
Tua Tagovailoa,1,3,5,82,0.06097560975609756,0.2
Tua Tagovailoa,1,4,7,82,0.08536585365853659,4.285714285714286
Tua Tagovailoa,1,5,8,82,0.0975609756097561,2.0
Tua Tagovailoa,1,6,10,82,0.12195121951219512,4.3
Tua Tagovailoa,1,8,5,82,0.06097560975609756,5.6
Tua Tagovailoa,1,9,13,82,0.15853658536585366,-5.538461538461538
Tua Tagovailoa,1,10,1,82,0.012195121951219513,-6.0
Tua Tagovailoa,1,11,5,82,0.06097560975609756,0.0
Tyler Huntley,0,0,211,233,0.9055793991416309,2.909952606635071
Tyler Huntley,0,6,22,233,0.0944206008583691,10.0
Tyler Huntley,1,0,9,9,1.0,2.6666666666666665
Tyrod Taylor,0,0,43,875,0.04914285714285714,8.69767441860465
Tyrod Taylor,0,1,193,875,0.22057142857142858,2.0259067357512954
Tyrod Taylor,0,2,64,875,0.07314285714285715,3.09375
Tyrod Taylor,0,3,85,875,0.09714285714285714,14.188235294117646
Tyrod Taylor,0,4,86,875,0.09828571428571428,11.872093023255815
Tyrod Taylor,0,5,147,875,0.168,16.741496598639454
Tyrod Taylor,0,6,173,875,0.1977142857142857,6.086705202312139
Tyrod Taylor,0,8,42,875,0.048,27.5
Tyrod Taylor,0,9,20,875,0.022857142857142857,-2.0
Tyrod Taylor,0,10,22,875,0.025142857142857144,5.0
Tyrod Taylor,1,0,1,27,0.037037037037037035,0.0
Tyrod Taylor,1,1,5,27,0.18518518518518517,1.0
Tyrod Taylor,1,2,2,27,0.07407407407407407,0.0
Tyrod Taylor,1,3,3,27,0.1111111111111111,30.666666666666668
Tyrod Taylor,1,4,2,27,0.07407407407407407,17.5
Tyrod Taylor,1,5,7,27,0.25925925925925924,9.857142857142858
Tyrod Taylor,1,6,3,27,0.1111111111111111,8.333333333333334
Tyrod Taylor,1,8,2,27,0.07407407407407407,27.5
Tyrod Taylor,1,9,2,27,0.07407407407407407,-2.0
Zach Wilson,0,0,960,4120,0.23300970873786409,7.209375
Zach Wilson,0,1,903,4120,0.2191747572815534,6.093023255813954
Zach Wilson,0,2,448,4120,0.1087378640776699,9.542410714285714
Zach Wilson,0,3,170,4120,0.0412621359223301,19.270588235294117
Zach Wilson,0,4,217,4120,0.05266990291262136,1.7695852534562213
Zach Wilson,0,5,387,4120,0.09393203883495145,7.5271317829457365
Zach Wilson,0,6,326,4120,0.07912621359223301,6.690184049079755
Zach Wilson,0,8,84,4120,0.020388349514563107,7.559523809523809
Zach Wilson,0,9,366,4120,0.08883495145631068,-8.795081967213115
Zach Wilson,0,10,64,4120,0.015533980582524271,15.6875
Zach Wilson,0,11,195,4120,0.04733009708737864,0.0
Zach Wilson,1,0,30,126,0.23809523809523808,6.166666666666667
Zach Wilson,1,1,21,126,0.16666666666666666,6.190476190476191
Zach Wilson,1,2,14,126,0.1111111111111111,13.642857142857142
Zach Wilson,1,3,6,126,0.047619047619047616,22.333333333333332
Zach Wilson,1,4,3,126,0.023809523809523808,-3.3333333333333335
Zach Wilson,1,5,9,126,0.07142857142857142,6.333333333333333
Zach Wilson,1,6,4,126,0.031746031746031744,21.25
Zach Wilson,1,8,4,126,0.031746031746031744,6.25
Zach Wilson,1,9,30,126,0.23809523809523808,-9.3
Zach Wilson,1,10,2,126,0.015873015873015872,4.0
Zach Wilson,1,11,3,126,0.023809523809523808,0.0
